Built,n,prop
3.5.0,222,0.9910714285714286
3.5.1,2,0.008928571428571428
