Built,n,prop
3.5.0,215,0.9953703703703703
3.5.1,1,0.004629629629629629
